"kaneshiro_exemplar","cichy_index","category","image_sha256"
"1","1","human bodypart","6cc98574bd295bd80e526f009c079719aeec913063e88d683596e0a88e641c53"
"2","2","human bodypart","1b55917d796c55e6bf01eb82c2054e7dfa2839f40a81cce647398d66ae2c4e54"
"3","3","human bodypart","82bef696f7c8ad4befe30e0078a5ed55f0edf278601bd95b390003ab2bb24392"
"4","4","human bodypart","7a9996dea0e2efe1c188c6dce8e7e888aca2fc51ca0e00689813fb1107a68985"
"5","5","human bodypart","c40a8db0dde24bd52399284f93542474603ee623934a72646419340f5e688374"
"6","6","human bodypart","8406325f3462c528041e6768773b16f766f3ea3e5b831a9f24942e2e603d8bd6"
"7","7","human bodypart","30127a8a04003fec07fd3cdc2b1c66517c85139d585f57e125dc269234dff114"
"8","8","human bodypart","81016b0c6efd6a2023ab24ee37a1daae04d5057fc5e66710521349698b4452ca"
"9","9","human bodypart","814804cd6cf5c01875f649a6fe9e1168d7416e2cbe697efd1fc70410ec995f28"
"10","10","human bodypart","28d400da772f8112e639dd2b0a16b6fca02d10663c00a36cffb0eb927ee4fa77"
"11","11","human bodypart","0f9ab0aa7a866d1ad229e648af6303c79d8cf8f733dc9ee1fa6295c5bd9f4c64"
"12","12","human bodypart","7f7188ce25a683ed4a7cccfb3114217f03efd30e5003c103a5ea6ca1d00de53f"
"13","13","human face","0aea05901e251b76ea07caa50f4e0192701ae76125d6b3f8fe6eac5b35bfa0f0"
"14","14","human face","27273a7a430a58ce6e1c0516d7122f6cd6d759bc309203437e3edec8eba37161"
"15","15","human face","a5cc0737740872896d7a7efdef87e569ab647ce05074028e1926b81319b00273"
"16","16","human face","7e148441ac22b16a7e755ebb19a3e31dfaa3568ec5a244c531bcc5854df9882d"
"17","17","human face","93b8ac441ff44f1bc5982a6104d485ec98b4cf6564b7dcfa238376b972f6a482"
"18","18","human face","66dc0e4a4e6ff6fbe9b0369a622d3d7303c15e752ae5e7064d7936dc58fbbc52"
"19","19","human face","f85db51d4425fc961e7992f2d907ee573c0fcebc1f6d2693afe2dce0bde0f4a8"
"20","20","human face","bdf0f79aeb721cb9a857dd10a9ffe49c496894439555db340b4707f4f4f0c048"
"21","21","human face","23466028181b5b22559e1fdeb61da36d0de2ad7b636688af06e04fc7d43484d2"
"22","22","human face","cdfd44a8dd386ce89b4afbf705d02a4f1c38f5a92ae2857e075f417f46168008"
"23","23","human face","761d183296c5388b32ec389117964516a2b7696eafb2a163981a18b0468cf573"
"24","24","human face","35baec46344d22894324160db1d3f0f6c4f086cf460843a518f4705afb349e50"
"25","25","nonhuman bodypart","1b450075e357ded538a6dee560c76e15a509d9952556a0fe6ed484e6bd7eaa8d"
"26","26","nonhuman bodypart","2824c25584acb12514d4b17a104fd19d5ce5d0cb2d9b1d5eb868c9544ee021b7"
"27","27","nonhuman bodypart","a5e9d8b858ea9d308c3a9cfde5296cfd4ae9604f1b296013d3ef0ca4cd8656d1"
"28","28","nonhuman bodypart","99bedb33f45124f18eb0f4a4e574c6c7e26470fb50649fda63be7f3821b2e281"
"29","29","nonhuman bodypart","8baf550b3d6c9b4abaa9d4afc132844c192692159ed17a10d72e89b72c1ebd46"
"30","30","nonhuman bodypart","85d994c1a04b95060e165904da42defaee58de509cf7392e1b1fdcb1b22620f6"
"31","31","nonhuman bodypart","8238dffbdd95465c028c0ad3833337c15fcd91d3f3e5f5007a18389145938497"
"32","32","nonhuman bodypart","8a2b9dc62bd39c3c54f467f2d45013e12efb06315cf3e9c655835af69f5824e1"
"33","33","nonhuman bodypart","0d725e4ae0c7054c7b837e736ce2093a98c1a9f224cc90584fe55baa12e36026"
"34","34","nonhuman bodypart","7b6a26f4086c04c757c1312ea354077ed23dc4739a841e693bd5d1c094e71c10"
"35","35","nonhuman bodypart","4adb1d4eeb428b9d9eb1b7b8372c3fbd5e8d4d5e0f25b787a1bc1622669c121f"
"36","36","nonhuman bodypart","8a434d66d730260693b06871110b6466b50a04ab9bca45530f4aa1ea0e16fdeb"
"37","37","nonhuman face","4ca8ca4542f1b4e642f6172fd0850cf080df52d2e83de5ae4c4ba8960471620b"
"38","38","nonhuman face","0cb8709505468d028cb17d584fc8ffc711a45e0e6fe704a702e32dced4039def"
"39","39","nonhuman face","9d0f034362ead302dd9ca2fec88809cf20060ada1f836a41814f3d14e566c661"
"40","40","nonhuman face","8db18d28a4d88c42370288b87c03c265e44ba118323f3fb3590549d3c396f0ef"
"41","41","nonhuman face","0e8298e7665f45852bad92a27dc9c741d0a6b1e110be257ccc2ff37460933f25"
"42","42","nonhuman face","2d27f96a7cfc25481d55a64d8082cb097b7eb40e29a3a98bf23d4802e4a7cca3"
"43","43","nonhuman face","f799f9e0830bc6bd28babd46903b5f4616dd0f14340170681c3d95d0f0be00b9"
"44","44","nonhuman face","b75cc59052a53f8f3ab454d13e99b362d8be372f2433f568814a1d235a5d81e9"
"45","45","nonhuman face","1d8b786ea15546da17f888fd8a963f31212e39cbfe2bb24578e7e4d6e444879f"
"46","46","nonhuman face","fd6cd6606ccf184b6f9975e398f4f1a98fba6a4c4ad2ced826bbdaa99dbaf849"
"47","47","nonhuman face","d6de6bc2c90bd32168f4f3d9887019f259c3464c4262b11662c77696a9901c1a"
"48","48","nonhuman face","7c5a84b8cc24485ca57bdb97f92e353ebcc14fc2c40e94f62a2442ed449424df"
"49","50","natural inanimate","02a191162e8dcf7eadba217c6ee20bbe7c7fd7fa5985c3acc27b21aa00c68d4e"
"50","51","natural inanimate","f2834598062629ad45ca354abe5bfcd877b8acf0189b6350c54484db01e53e7a"
"51","53","natural inanimate","5dbea6a4c3f89de98ffa19014af2eff7b5b6277c3ad7138f43e435bce384d4dc"
"52","54","natural inanimate","6a8826fb7ef974f1dca7b65c0132d964755e474162a443d2b137b6e3d423304f"
"53","56","natural inanimate","3e8475079ed4a0fc804e5479f6ad7179539eb2036a95db73b0a1ffa0f8b00d26"
"54","59","natural inanimate","f78040387358f633adced624a0b817e107cc6c7755fe140fa841d6352c2844da"
"55","60","natural inanimate","acfb116e0c253a3c153767b2d5618c0ac95a3db45a4d03d707af6afe2908eb87"
"56","63","natural inanimate","d5ee472b15eda44e63a1d3afff6364ba77e95049feb042f02eedc44afdceb91b"
"57","65","natural inanimate","96c1e9590091018450761cbad13262a996a42be6eccf05c3fe2143783a86615b"
"58","68","natural inanimate","b0947bacffa7fc533b935abd46bf3d36ee532b4e53e00048856053d6c4eb7df3"
"59","69","natural inanimate","1c765b787f74201c74267530da035d71f084799a8725b0be1fa9aa9b5209a36c"
"60","70","natural inanimate","c3b6fe67db3c5617c5793c50dcb719aa655832b055527012bb77bf47ae49f0e0"
"61","73","artificial inanimate","cbdbe7ab0857099bb2d0823667b0a0d1a08c7e80fb2480d43632bc33e11dc2d4"
"62","74","artificial inanimate","92cfa23c16913371f5df82fb31ba33c1452c36e7b4391b6b39383f70c07afaf0"
"63","76","artificial inanimate","966ce6f7dccd5c98aa06c62650cd4ac182f9aff3f2131658e2ab77dd68bcc05a"
"64","78","artificial inanimate","40515e57f89a5d1cd6d735ec6e853cd6f6151392f0024bd7578e4dd250f14ece"
"65","79","artificial inanimate","adec6257e107fd5858fa820b3eb7ed5fe04b876421e8bd1ebfcb1f4e35abf906"
"66","80","artificial inanimate","d8fcee5958a0c6dde9ef3f5ca8a57841444c90c96f9b2b79b5643483a0142796"
"67","83","artificial inanimate","bca8f8ac660366cf126f7796000c2c875431fdc3442c7e9945ec23207ff2013b"
"68","84","artificial inanimate","934d8b49ea2afb807f7be5dbe48b1f50bada097c2b69a942991fb964a82041c2"
"69","85","artificial inanimate","c16799d26cff6a9b38c4a6c9d7d77889c12b63efe2c6bfb185cefe20d2c7ce86"
"70","88","artificial inanimate","88b168f723321cc393ff8d49b1a3f5818c4bfee0690e5dfe6606a9c51bc95dde"
"71","89","artificial inanimate","2b3d1dbcced3170403b2d1e49c3bdb0c77ec40d98b3864140bf31e4440a5e3b5"
"72","91","artificial inanimate","df757cbe37aa50d0bc981215c66a89148e8bf8c102587a2356f3d16aeb50b6fb"
